kalshi_series_ticker,kalshi_series,kalshi_market_ticker,kalshi_market,kalshi_candidate_title_clean,kalshi_district,kalshi_rules_text,kalshi_rules_text_clean,polymarket_series_ticker,polymarket_series,polymarket_market_ticker,polymarket_market,polymarket_group_item_title,polymarket_candidate_title_clean,polymarket_district,polymarket_rules_text,polymarket_rules_text_clean,market_score,series_score,combined_score,date_diff_days,shared_candidate_words,shared_series_words
KXNY12D,ny 12 democratic primary,KXNY12D-26-CKAS,Will Cameron Kasky be the Democratic nominee for NY-12?,cameron kasky be the democratic,ny-12,"{'market': {'can_close_early': True, 'close_time': '2026-11-03T15:00:00Z', 'created_time': '2025-11-18T17:19:22.303188Z', 'custom_strike': {'Candidate': 'Cameron Kasky'}, 'early_close_condition': ""This market will close after Cameron Kasky wins the party's nomination."", 'event_ticker': 'KXNY12D-26', 'expected_expiration_time': '2026-11-04T15:00:00Z', 'expiration_time': '2026-11-04T15:00:00Z', 'expiration_value': '', 'fractional_trading_enabled': False, 'last_price_dollars': '0.0100', 'latest_expiration_time': '2026-11-04T15:00:00Z', 'liquidity_dollars': '0.0000', 'market_type': 'binary', 'no_ask_dollars': '1.0000', 'no_bid_dollars': '0.9900', 'no_sub_title': 'Cameron Kasky', 'notional_value_dollars': '1.0000', 'open_interest_fp': '4896.00', 'open_time': '2025-11-18T19:00:45Z', 'previous_price_dollars': '0.0100', 'previous_yes_ask_dollars': '0.0100', 'previous_yes_bid_dollars': '0.0000', 'price_level_structure': 'linear_cent', 'price_ranges': [{'end': '1.0000', 'start': '0.0000', 'step': '0.0100'}], 'response_price_units': 'usd_cent', 'result': '', 'rules_primary': 'If Cameron Kasky wins the nomination for the Democratic Party to contest the 2026 NY-12 House seat, then the market resolves to Yes.', 'rules_secondary': '', 'settlement_timer_seconds': 1800, 'status': 'active', 'strike_type': 'custom', 'subtitle': '', 'tick_size': 1, 'ticker': 'KXNY12D-26-CKAS', 'title': 'Will Cameron Kasky be the Democratic nominee for NY-12?', 'updated_time': '2026-02-19T08:48:16.628714Z', 'volume_24h_fp': '0.00', 'volume_fp': '7738.00', 'yes_ask_dollars': '0.0100', 'yes_ask_size_fp': '6026.00', 'yes_bid_dollars': '0.0000', 'yes_bid_size_fp': '0.00', 'yes_sub_title': 'Cameron Kasky'}}","{'market': {'can_close_early': true, 'close_time': '2026-11-03t15:00:00z', 'created_time': '2025-11-18t17:19:22.303188z', 'custom_strike': {'candidate': 'cameron kasky'}, 'early_close_condition': ""this market will close after cameron kasky wins the party's nomination."", 'event_ticker': 'kxny12d-26', 'expected_expiration_time': '2026-11-04t15:00:00z', 'expiration_time': '2026-11-04t15:00:00z', 'expiration_value': '', 'fractional_trading_enabled': false, 'last_price_dollars': '0.0100', 'latest_expiration_time': '2026-11-04t15:00:00z', 'liquidity_dollars': '0.0000', 'market_type': 'binary', 'no_ask_dollars': '1.0000', 'no_bid_dollars': '0.9900', 'no_sub_title': 'cameron kasky', 'notional_value_dollars': '1.0000', 'open_interest_fp': '4896.00', 'open_time': '2025-11-18t19:00:45z', 'previous_price_dollars': '0.0100', 'previous_yes_ask_dollars': '0.0100', 'previous_yes_bid_dollars': '0.0000', 'price_level_structure': 'linear_cent', 'price_ranges': [{'end': '1.0000', 'start': '0.0000', 'step': '0.0100'}], 'response_price_units': 'usd_cent', 'result': '', 'rules_primary': 'if cameron kasky wins the nomination for the democratic party to contest the 2026 ny-12 house seat, then the market resolves to yes.', 'rules_secondary': '', 'settlement_timer_seconds': 1800, 'status': 'active', 'strike_type': 'custom', 'subtitle': '', 'tick_size': 1, 'ticker': 'kxny12d-26-ckas', 'title': 'will cameron kasky be the democratic nominee for ny-12?', 'updated_time': '2026-02-19t08:48:16.628714z', 'volume_24h_fp': '0.00', 'volume_fp': '7738.00', 'yes_ask_dollars': '0.0100', 'yes_ask_size_fp': '6026.00', 'yes_bid_dollars': '0.0000', 'yes_bid_size_fp': '0.00', 'yes_sub_title': 'cameron kasky'}}",86929.0,NY-12 Democratic Primary Winner,695084,Will Cameron Kasky be the democratic nominee for NY-12?,Cameron Kasky,cameron kasky,ny-12,"This market will resolve according to the candidate who wins the nomination for the Democratic Party to contest the NY-12 congressional district seat in the U.S. House of Representatives in the 2026 midterm elections. The Democratic primary will take place on June 23, 2026.

If no nominee is announced by November 3, 2026, 11:59PM ET, this market will resolve to ""Other"".

The resolution source for this market will be a consensus of official Democrat sources, including https://democrats.org/.

Any replacement of the nominee before election day will not change the resolution of the market.","this market will resolve according to the candidate who wins the nomination for the democratic party to contest the ny-12 congressional district seat in the u.s. house of representatives in the 2026 midterm elections. the democratic primary will take place on june 23, 2026. if no nominee is announced by november 3, 2026, 11:59pm et, this market will resolve to ""other"". the resolution source for this market will be a consensus of official democrat sources, including https://democrats.org/. any replacement of the nominee before election day will not change the resolution of the market.",1.0,1.0,1.0,,"cameron, kasky",ny12
KXNY15D,Who will be the Democratic nominee for NY-15?,KXNY15D-26-MBLA,Will Michael Blake be the Democratic nominee for NY-15?,michael blake be the democratic,ny-15,"{'market': {'can_close_early': True, 'close_time': '2026-11-03T15:00:00Z', 'created_time': '2025-11-06T14:33:32.218975Z', 'custom_strike': {'Candidate': 'Michael Blake'}, 'early_close_condition': ""This market will close after Michael Blake wins the party's nomination."", 'event_ticker': 'KXNY15D-26', 'expected_expiration_time': '2026-11-03T15:00:00Z', 'expiration_time': '2026-11-03T15:00:00Z', 'expiration_value': '', 'fractional_trading_enabled': False, 'last_price_dollars': '0.1900', 'latest_expiration_time': '2026-11-03T15:00:00Z', 'liquidity_dollars': '0.0000', 'market_type': 'binary', 'no_ask_dollars': '0.8500', 'no_bid_dollars': '0.8100', 'no_sub_title': 'Michael Blake', 'notional_value_dollars': '1.0000', 'open_interest_fp': '5406.00', 'open_time': '2025-11-06T15:00:00Z', 'previous_price_dollars': '0.1800', 'previous_yes_ask_dollars': '0.1900', 'previous_yes_bid_dollars': '0.1600', 'price_level_structure': 'linear_cent', 'price_ranges': [{'end': '1.0000', 'start': '0.0000', 'step': '0.0100'}], 'response_price_units': 'usd_cent', 'result': '', 'rules_primary': 'If Michael Blake wins the nomination for the Democratic Party to contest the 2026 NY-15 House seat, then the market resolves to Yes.', 'rules_secondary': '', 'settlement_timer_seconds': 1800, 'status': 'active', 'strike_type': 'custom', 'subtitle': '', 'tick_size': 1, 'ticker': 'KXNY15D-26-MBLA', 'title': 'Will Michael Blake be the Democratic nominee for NY-15?', 'updated_time': '2026-02-19T08:48:16.628714Z', 'volume_24h_fp': '58.00', 'volume_fp': '8335.00', 'yes_ask_dollars': '0.1900', 'yes_ask_size_fp': '275.00', 'yes_bid_dollars': '0.1500', 'yes_bid_size_fp': '582.00', 'yes_sub_title': 'Michael Blake'}}","{'market': {'can_close_early': true, 'close_time': '2026-11-03t15:00:00z', 'created_time': '2025-11-06t14:33:32.218975z', 'custom_strike': {'candidate': 'michael blake'}, 'early_close_condition': ""this market will close after michael blake wins the party's nomination."", 'event_ticker': 'kxny15d-26', 'expected_expiration_time': '2026-11-03t15:00:00z', 'expiration_time': '2026-11-03t15:00:00z', 'expiration_value': '', 'fractional_trading_enabled': false, 'last_price_dollars': '0.1900', 'latest_expiration_time': '2026-11-03t15:00:00z', 'liquidity_dollars': '0.0000', 'market_type': 'binary', 'no_ask_dollars': '0.8500', 'no_bid_dollars': '0.8100', 'no_sub_title': 'michael blake', 'notional_value_dollars': '1.0000', 'open_interest_fp': '5406.00', 'open_time': '2025-11-06t15:00:00z', 'previous_price_dollars': '0.1800', 'previous_yes_ask_dollars': '0.1900', 'previous_yes_bid_dollars': '0.1600', 'price_level_structure': 'linear_cent', 'price_ranges': [{'end': '1.0000', 'start': '0.0000', 'step': '0.0100'}], 'response_price_units': 'usd_cent', 'result': '', 'rules_primary': 'if michael blake wins the nomination for the democratic party to contest the 2026 ny-15 house seat, then the market resolves to yes.', 'rules_secondary': '', 'settlement_timer_seconds': 1800, 'status': 'active', 'strike_type': 'custom', 'subtitle': '', 'tick_size': 1, 'ticker': 'kxny15d-26-mbla', 'title': 'will michael blake be the democratic nominee for ny-15?', 'updated_time': '2026-02-19t08:48:16.628714z', 'volume_24h_fp': '58.00', 'volume_fp': '8335.00', 'yes_ask_dollars': '0.1900', 'yes_ask_size_fp': '275.00', 'yes_bid_dollars': '0.1500', 'yes_bid_size_fp': '582.00', 'yes_sub_title': 'michael blake'}}",90313.0,NY-15 Democratic Primary Winner,703867,Will Michael Blake be the Democratic nominee for NY-15?,Michael Blake,michael blake,ny-15,"This market will resolve according to the candidate who wins the nomination for the Democratic Party to contest the NY-15 congressional district seat in the U.S. House of Representatives in the 2026 midterm elections. The Democratic primary will take place on June 23, 2026.

If no nominee is announced by November 3, 2026, 11:59PM ET, this market will resolve to ""Other"".

The resolution source for this market will be a consensus of official Democrat sources, including https://democrats.org/.

Any replacement of the nominee before election day will not change the resolution of the market.","this market will resolve according to the candidate who wins the nomination for the democratic party to contest the ny-15 congressional district seat in the u.s. house of representatives in the 2026 midterm elections. the democratic primary will take place on june 23, 2026. if no nominee is announced by november 3, 2026, 11:59pm et, this market will resolve to ""other"". the resolution source for this market will be a consensus of official democrat sources, including https://democrats.org/. any replacement of the nominee before election day will not change the resolution of the market.",1.0,1.0,1.0,,"blake, michael",ny15
KXCOLOMBIAPRES,Colombia presidency,KXCOLOMBIAPRES-26-GBOL,Will Gustavo Bolívar win the the next Colombian presidential election?,gustavo bol var,,"{'market': {'can_close_early': True, 'close_time': '2027-05-31T14:00:00Z', 'created_time': '2025-09-15T17:35:26.888685Z', 'custom_strike': {'Option': 'Gustavo Bolívar'}, 'early_close_condition': 'This market will close and expire early if the election winner is officially declared or certified.', 'event_ticker': 'KXCOLOMBIAPRES-26', 'expected_expiration_time': '2026-05-31T14:00:00Z', 'expiration_time': '2027-05-31T14:00:00Z', 'expiration_value': '', 'fractional_trading_enabled': False, 'last_price_dollars': '0.0100', 'latest_expiration_time': '2027-05-31T14:00:00Z', 'liquidity_dollars': '0.0000', 'market_type': 'binary', 'no_ask_dollars': '1.0000', 'no_bid_dollars': '0.9900', 'no_sub_title': 'Gustavo Bolívar', 'notional_value_dollars': '1.0000', 'open_interest_fp': '35.00', 'open_time': '2025-09-15T19:00:00Z', 'previous_price_dollars': '0.0100', 'previous_yes_ask_dollars': '0.0100', 'previous_yes_bid_dollars': '0.0000', 'price_level_structure': 'linear_cent', 'price_ranges': [{'end': '1.0000', 'start': '0.0000', 'step': '0.0100'}], 'response_price_units': 'usd_cent', 'result': '', 'rules_primary': 'If the winner of the next Colombian presidential election scheduled to be held in || Year || (at the latest) is Gustavo Bolívar, then the market resolves to Yes.', 'rules_secondary': 'For presidential elections, the relevant question is whether the person wins the election, regardless of their partisan affiliation. For legislative elections, the relevant question is whether the party or alliance wins more seats than any other party or alliance.', 'settlement_timer_seconds': 1800, 'status': 'active', 'strike_type': 'custom', 'subtitle': ':: Pacto Histórico', 'tick_size': 1, 'ticker': 'KXCOLOMBIAPRES-26-GBOL', 'title': 'Will Gustavo Bolívar win the the next Colombian presidential election?', 'updated_time': '2026-02-19T08:48:16.628714Z', 'volume_24h_fp': '0.00', 'volume_fp': '207.00', 'yes_ask_dollars': '0.0100', 'yes_ask_size_fp': '902.00', 'yes_bid_dollars': '0.0000', 'yes_bid_size_fp': '0.00', 'yes_sub_title': 'Gustavo Bolívar'}}","{'market': {'can_close_early': true, 'close_time': '2027-05-31t14:00:00z', 'created_time': '2025-09-15t17:35:26.888685z', 'custom_strike': {'option': 'gustavo bolívar'}, 'early_close_condition': 'this market will close and expire early if the election winner is officially declared or certified.', 'event_ticker': 'kxcolombiapres-26', 'expected_expiration_time': '2026-05-31t14:00:00z', 'expiration_time': '2027-05-31t14:00:00z', 'expiration_value': '', 'fractional_trading_enabled': false, 'last_price_dollars': '0.0100', 'latest_expiration_time': '2027-05-31t14:00:00z', 'liquidity_dollars': '0.0000', 'market_type': 'binary', 'no_ask_dollars': '1.0000', 'no_bid_dollars': '0.9900', 'no_sub_title': 'gustavo bolívar', 'notional_value_dollars': '1.0000', 'open_interest_fp': '35.00', 'open_time': '2025-09-15t19:00:00z', 'previous_price_dollars': '0.0100', 'previous_yes_ask_dollars': '0.0100', 'previous_yes_bid_dollars': '0.0000', 'price_level_structure': 'linear_cent', 'price_ranges': [{'end': '1.0000', 'start': '0.0000', 'step': '0.0100'}], 'response_price_units': 'usd_cent', 'result': '', 'rules_primary': 'if the winner of the next colombian presidential election scheduled to be held in || year || (at the latest) is gustavo bolívar, then the market resolves to yes.', 'rules_secondary': 'for presidential elections, the relevant question is whether the person wins the election, regardless of their partisan affiliation. for legislative elections, the relevant question is whether the party or alliance wins more seats than any other party or alliance.', 'settlement_timer_seconds': 1800, 'status': 'active', 'strike_type': 'custom', 'subtitle': ':: pacto histórico', 'tick_size': 1, 'ticker': 'kxcolombiapres-26-gbol', 'title': 'will gustavo bolívar win the the next colombian presidential election?', 'updated_time': '2026-02-19t08:48:16.628714z', 'volume_24h_fp': '0.00', 'volume_fp': '207.00', 'yes_ask_dollars': '0.0100', 'yes_ask_size_fp': '902.00', 'yes_bid_dollars': '0.0000', 'yes_bid_size_fp': '0.00', 'yes_sub_title': 'gustavo bolívar'}}",34584.0,Colombia Presidential Election,569362,Will Gustavo Bolívar win the 2026 Colombian presidential election?,Gustavo Bolívar (HC),gustavo bol var hc,,"Colombia's presidential elections are scheduled for May 31, 2026, and a second round (if required) on June 21, 2026, in case no candidate secures more than 50% of the valid votes in the first round.

This market will resolve according to the listed candidate that wins this election. 

This market includes any potential second round. If the result of this election isn't known by December 31, 2026, 11:59 PM ET, the market will resolve to ""Other"".

This market will resolve based on the election results, as indicated by a consensus of credible reporting. If there is ambiguity, this market will resolve based solely on the official results as reported by Colombia's National Civil Registry (Registraduría Nacional del Estado Civil) (https://registraduria.gov.co).","colombia's presidential elections are scheduled for may 31, 2026, and a second round (if required) on june 21, 2026, in case no candidate secures more than 50% of the valid votes in the first round. this market will resolve according to the listed candidate that wins this election. this market includes any potential second round. if the result of this election isn't known by december 31, 2026, 11:59 pm et, the market will resolve to ""other"". this market will resolve based on the election results, as indicated by a consensus of credible reporting. if there is ambiguity, this market will resolve based solely on the official results as reported by colombia's national civil registry (registraduría nacional del estado civil) (https://registraduria.gov.co).",0.975,0.55,0.8688,,"bol, gustavo, var",colombia
KXSENATEOHSD,Ohio Democratic Senate nominee,KXSENATEOHSD-26-TR,Wil Tim Ryan be the Democratic nominee for the Senate in Ohio?,wil tim ryan be the democratic,,"{'market': {'can_close_early': True, 'close_time': '2026-11-03T15:00:00Z', 'created_time': '2024-12-04T08:20:41.1092Z', 'custom_strike': {'Candidate': 'Tim Ryan'}, 'early_close_condition': ""This market will close after Tim Ryan wins the party's nomination."", 'event_ticker': 'KXSENATEOHSD-26', 'expected_expiration_time': '2026-11-03T15:00:00Z', 'expiration_time': '2026-11-03T15:00:00Z', 'expiration_value': '', 'fractional_trading_enabled': False, 'last_price_dollars': '0.0200', 'latest_expiration_time': '2026-11-03T15:00:00Z', 'liquidity_dollars': '0.0000', 'market_type': 'binary', 'no_ask_dollars': '1.0000', 'no_bid_dollars': '0.9900', 'no_sub_title': 'Tim Ryan', 'notional_value_dollars': '1.0000', 'open_interest_fp': '2421.00', 'open_time': '2024-12-04T15:00:00Z', 'previous_price_dollars': '0.0300', 'previous_yes_ask_dollars': '0.0100', 'previous_yes_bid_dollars': '0.0000', 'price_level_structure': 'linear_cent', 'price_ranges': [{'end': '1.0000', 'start': '0.0000', 'step': '0.0100'}], 'response_price_units': 'usd_cent', 'result': '', 'rules_primary': 'If Tim Ryan wins the nomination for the Democratic Party to contest the 2026 Class III (special election) Ohio Senate seat, then the market resolves to Yes.', 'rules_secondary': '', 'settlement_timer_seconds': 1800, 'status': 'active', 'strike_type': 'custom', 'subtitle': '', 'tick_size': 1, 'ticker': 'KXSENATEOHSD-26-TR', 'title': 'Wil Tim Ryan be the Democratic nominee for the Senate in Ohio?', 'updated_time': '2026-02-19T08:48:16.628714Z', 'volume_24h_fp': '168.00', 'volume_fp': '10584.00', 'yes_ask_dollars': '0.0100', 'yes_ask_size_fp': '9.00', 'yes_bid_dollars': '0.0000', 'yes_bid_size_fp': '0.00', 'yes_sub_title': 'Tim Ryan'}}","{'market': {'can_close_early': true, 'close_time': '2026-11-03t15:00:00z', 'created_time': '2024-12-04t08:20:41.1092z', 'custom_strike': {'candidate': 'tim ryan'}, 'early_close_condition': ""this market will close after tim ryan wins the party's nomination."", 'event_ticker': 'kxsenateohsd-26', 'expected_expiration_time': '2026-11-03t15:00:00z', 'expiration_time': '2026-11-03t15:00:00z', 'expiration_value': '', 'fractional_trading_enabled': false, 'last_price_dollars': '0.0200', 'latest_expiration_time': '2026-11-03t15:00:00z', 'liquidity_dollars': '0.0000', 'market_type': 'binary', 'no_ask_dollars': '1.0000', 'no_bid_dollars': '0.9900', 'no_sub_title': 'tim ryan', 'notional_value_dollars': '1.0000', 'open_interest_fp': '2421.00', 'open_time': '2024-12-04t15:00:00z', 'previous_price_dollars': '0.0300', 'previous_yes_ask_dollars': '0.0100', 'previous_yes_bid_dollars': '0.0000', 'price_level_structure': 'linear_cent', 'price_ranges': [{'end': '1.0000', 'start': '0.0000', 'step': '0.0100'}], 'response_price_units': 'usd_cent', 'result': '', 'rules_primary': 'if tim ryan wins the nomination for the democratic party to contest the 2026 class iii (special election) ohio senate seat, then the market resolves to yes.', 'rules_secondary': '', 'settlement_timer_seconds': 1800, 'status': 'active', 'strike_type': 'custom', 'subtitle': '', 'tick_size': 1, 'ticker': 'kxsenateohsd-26-tr', 'title': 'wil tim ryan be the democratic nominee for the senate in ohio?', 'updated_time': '2026-02-19t08:48:16.628714z', 'volume_24h_fp': '168.00', 'volume_fp': '10584.00', 'yes_ask_dollars': '0.0100', 'yes_ask_size_fp': '9.00', 'yes_bid_dollars': '0.0000', 'yes_bid_size_fp': '0.00', 'yes_sub_title': 'tim ryan'}}",95926.0,Ohio Democratic Senate Primary Winner,799938,Will Tim Ryan be the Democratic nominee for Senate in Ohio?,Tim Ryan,tim ryan,,"This market will resolve according to the winner of the Democratic Primary for United States Senator from Ohio.

If no 2026 Ohio Democratic Senate Primary takes place, this market will resolve to ""Other"".

The resolution source for this market will be the first announcement of the results from the Ohio Democratic party, however an overwhelming consensus of credible reporting may suffice.","this market will resolve according to the winner of the democratic primary for united states senator from ohio. if no 2026 ohio democratic senate primary takes place, this market will resolve to ""other"". the resolution source for this market will be the first announcement of the results from the ohio democratic party, however an overwhelming consensus of credible reporting may suffice.",0.8,1.0,0.85,,"ryan, tim","ohio, senate"
KXBRPRES,Brazil Presidency,KXBRPRES-26-RZEM,Will Romeu Zema win the 2026 Brazilian presidential election?,romeu zema,,"{'market': {'can_close_early': True, 'close_time': '2027-10-25T14:00:00Z', 'created_time': '2026-01-18T02:50:40.752179Z', 'early_close_condition': 'This market will close and expire after a winner is announced.', 'event_ticker': 'KXBRPRES-26', 'expected_expiration_time': '2026-10-25T14:00:00Z', 'expiration_time': '2027-10-25T14:00:00Z', 'expiration_value': '', 'fractional_trading_enabled': False, 'last_price_dollars': '0.0100', 'latest_expiration_time': '2027-10-25T14:00:00Z', 'liquidity_dollars': '0.0000', 'market_type': 'binary', 'no_ask_dollars': '0.9900', 'no_bid_dollars': '0.9700', 'no_sub_title': 'Romeu Zema', 'notional_value_dollars': '1.0000', 'open_interest_fp': '19310.00', 'open_time': '2026-01-18T15:00:00Z', 'previous_price_dollars': '0.0300', 'previous_yes_ask_dollars': '0.0300', 'previous_yes_bid_dollars': '0.0100', 'price_level_structure': 'linear_cent', 'price_ranges': [{'end': '1.0000', 'start': '0.0000', 'step': '0.0100'}], 'response_price_units': 'usd_cent', 'result': '', 'rules_primary': 'If Romeu Zema has won the 2026 Brazilian presidential election, then the market resolves to Yes.', 'rules_secondary': '', 'settlement_timer_seconds': 1800, 'status': 'active', 'subtitle': ':: New Party', 'tick_size': 1, 'ticker': 'KXBRPRES-26-RZEM', 'title': 'Will Romeu Zema win the 2026 Brazilian presidential election?', 'updated_time': '2026-02-19T08:48:16.628714Z', 'volume_24h_fp': '3.00', 'volume_fp': '23988.00', 'yes_ask_dollars': '0.0300', 'yes_ask_size_fp': '5000.00', 'yes_bid_dollars': '0.0100', 'yes_bid_size_fp': '7322.00', 'yes_sub_title': 'Romeu Zema'}}","{'market': {'can_close_early': true, 'close_time': '2027-10-25t14:00:00z', 'created_time': '2026-01-18t02:50:40.752179z', 'early_close_condition': 'this market will close and expire after a winner is announced.', 'event_ticker': 'kxbrpres-26', 'expected_expiration_time': '2026-10-25t14:00:00z', 'expiration_time': '2027-10-25t14:00:00z', 'expiration_value': '', 'fractional_trading_enabled': false, 'last_price_dollars': '0.0100', 'latest_expiration_time': '2027-10-25t14:00:00z', 'liquidity_dollars': '0.0000', 'market_type': 'binary', 'no_ask_dollars': '0.9900', 'no_bid_dollars': '0.9700', 'no_sub_title': 'romeu zema', 'notional_value_dollars': '1.0000', 'open_interest_fp': '19310.00', 'open_time': '2026-01-18t15:00:00z', 'previous_price_dollars': '0.0300', 'previous_yes_ask_dollars': '0.0300', 'previous_yes_bid_dollars': '0.0100', 'price_level_structure': 'linear_cent', 'price_ranges': [{'end': '1.0000', 'start': '0.0000', 'step': '0.0100'}], 'response_price_units': 'usd_cent', 'result': '', 'rules_primary': 'if romeu zema has won the 2026 brazilian presidential election, then the market resolves to yes.', 'rules_secondary': '', 'settlement_timer_seconds': 1800, 'status': 'active', 'subtitle': ':: new party', 'tick_size': 1, 'ticker': 'kxbrpres-26-rzem', 'title': 'will romeu zema win the 2026 brazilian presidential election?', 'updated_time': '2026-02-19t08:48:16.628714z', 'volume_24h_fp': '3.00', 'volume_fp': '23988.00', 'yes_ask_dollars': '0.0300', 'yes_ask_size_fp': '5000.00', 'yes_bid_dollars': '0.0100', 'yes_bid_size_fp': '7322.00', 'yes_sub_title': 'romeu zema'}}",204972.0,Brazil Presidential Election First Round: 2nd Place,1365863,Will Romeu Zema finish in second place in the first round of the 2026 Brazilian presidential election?,Romeu Zema,romeu zema,,"A presidential election is scheduled to take place in Brazil on October 4, 2026.

This market will resolve according to the listed candidate who receives the second-most valid votes in the first round of this election.

The named candidates will be primarily ranked by the number of valid votes received in the specified election. If two or more candidates are tied on valid votes, ties will be broken by alphabetical order of the candidates' last names. This market will resolve to the candidate that occupies the second-highest finishing position after applying this ranking.

If the result of this election isn't known definitively by June 30, 2027, 11:59 PM ET, the market will resolve to ""Other"".

This market will resolve based on the result of the election, as indicated by a consensus of credible reporting. If there is ambiguity, this market will resolve based solely on the official results as reported by the Brazilian government, specifically the Superior Electoral Court (Tribunal Superior Eleitoral, TSE) (e.g., https://dadosabertos.tse.jus.br/).","a presidential election is scheduled to take place in brazil on october 4, 2026. this market will resolve according to the listed candidate who receives the second-most valid votes in the first round of this election. the named candidates will be primarily ranked by the number of valid votes received in the specified election. if two or more candidates are tied on valid votes, ties will be broken by alphabetical order of the candidates' last names. this market will resolve to the candidate that occupies the second-highest finishing position after applying this ranking. if the result of this election isn't known definitively by june 30, 2027, 11:59 pm et, the market will resolve to ""other"". this market will resolve based on the result of the election, as indicated by a consensus of credible reporting. if there is ambiguity, this market will resolve based solely on the official results as reported by the brazilian government, specifically the superior electoral court (tribunal superior eleitoral, tse) (e.g., https://dadosabertos.tse.jus.br/).",1.0,0.275,0.8187,,"romeu, zema",brazil
KXFRENCHPRES,French presidential election,KXFRENCHPRES-27-FBAY,Will François Bayrou win the 2027 French presidential election?,fran ois bayrou,,"{'market': {'can_close_early': True, 'close_time': '2028-05-30T14:00:00Z', 'created_time': '2025-02-14T14:51:44.993942Z', 'custom_strike': {'Person': 'François Bayrou'}, 'early_close_condition': 'This market will close and expire early if the event occurs.', 'event_ticker': 'KXFRENCHPRES-27', 'expected_expiration_time': '2027-05-31T14:00:00Z', 'expiration_time': '2028-05-30T14:00:00Z', 'expiration_value': '', 'fractional_trading_enabled': False, 'last_price_dollars': '0.0500', 'latest_expiration_time': '2028-05-30T14:00:00Z', 'liquidity_dollars': '0.0000', 'market_type': 'binary', 'no_ask_dollars': '1.0000', 'no_bid_dollars': '0.9700', 'no_sub_title': 'François Bayrou', 'notional_value_dollars': '1.0000', 'open_interest_fp': '1013.00', 'open_time': '2025-02-14T15:00:00Z', 'previous_price_dollars': '0.0500', 'previous_yes_ask_dollars': '0.0300', 'previous_yes_bid_dollars': '0.0000', 'price_level_structure': 'linear_cent', 'price_ranges': [{'end': '1.0000', 'start': '0.0000', 'step': '0.0100'}], 'response_price_units': 'usd_cent', 'result': '', 'rules_primary': 'If François Bayrou wins the 2027 French presidential election, then the market resolves to Yes.', 'rules_secondary': '', 'settlement_timer_seconds': 1800, 'status': 'active', 'strike_type': 'custom', 'subtitle': ':: Democratic Movement', 'tick_size': 1, 'ticker': 'KXFRENCHPRES-27-FBAY', 'title': 'Will François Bayrou win the 2027 French presidential election?', 'updated_time': '2026-02-19T08:48:16.628714Z', 'volume_24h_fp': '0.00', 'volume_fp': '1013.00', 'yes_ask_dollars': '0.0300', 'yes_ask_size_fp': '1000.00', 'yes_bid_dollars': '0.0000', 'yes_bid_size_fp': '0.00', 'yes_sub_title': 'François Bayrou'}}","{'market': {'can_close_early': true, 'close_time': '2028-05-30t14:00:00z', 'created_time': '2025-02-14t14:51:44.993942z', 'custom_strike': {'person': 'françois bayrou'}, 'early_close_condition': 'this market will close and expire early if the event occurs.', 'event_ticker': 'kxfrenchpres-27', 'expected_expiration_time': '2027-05-31t14:00:00z', 'expiration_time': '2028-05-30t14:00:00z', 'expiration_value': '', 'fractional_trading_enabled': false, 'last_price_dollars': '0.0500', 'latest_expiration_time': '2028-05-30t14:00:00z', 'liquidity_dollars': '0.0000', 'market_type': 'binary', 'no_ask_dollars': '1.0000', 'no_bid_dollars': '0.9700', 'no_sub_title': 'françois bayrou', 'notional_value_dollars': '1.0000', 'open_interest_fp': '1013.00', 'open_time': '2025-02-14t15:00:00z', 'previous_price_dollars': '0.0500', 'previous_yes_ask_dollars': '0.0300', 'previous_yes_bid_dollars': '0.0000', 'price_level_structure': 'linear_cent', 'price_ranges': [{'end': '1.0000', 'start': '0.0000', 'step': '0.0100'}], 'response_price_units': 'usd_cent', 'result': '', 'rules_primary': 'if françois bayrou wins the 2027 french presidential election, then the market resolves to yes.', 'rules_secondary': '', 'settlement_timer_seconds': 1800, 'status': 'active', 'strike_type': 'custom', 'subtitle': ':: democratic movement', 'tick_size': 1, 'ticker': 'kxfrenchpres-27-fbay', 'title': 'will françois bayrou win the 2027 french presidential election?', 'updated_time': '2026-02-19t08:48:16.628714z', 'volume_24h_fp': '0.00', 'volume_fp': '1013.00', 'yes_ask_dollars': '0.0300', 'yes_ask_size_fp': '1000.00', 'yes_bid_dollars': '0.0000', 'yes_bid_size_fp': '0.00', 'yes_sub_title': 'françois bayrou'}}",79987.0,Next French Presidential Election,679036,Will François Asselineau win the 2027 French presidential election?,François Asselineau,fran ois asselineau,,"The next French presidential election is currently expected to be held around April 2027.  This market pertains to the outcome of the next French presidential election, regardless of whether it follows the scheduled end of the current term or is held earlier. 

The President of France is elected via a two-round system; a candidate must secure over 50% of the vote to win outright in the first round. If no candidate achieves this, the top two contenders advance to a runoff.

This market will resolve according to the candidate who wins this election.

This market includes any potential second round. If, for any reason, the results of the election are not known by December 31, 2027, 11:59 PM ET, this market will resolve to ""Other"".

This market will resolve based on the result of the election as indicated by a consensus of credible reporting. If there is ambiguity, this market will resolve based solely on the official results as reported by the French Government, specifically the Ministry of the Interior (https://www.interieur.gouv.fr/).","the next french presidential election is currently expected to be held around april 2027. this market pertains to the outcome of the next french presidential election, regardless of whether it follows the scheduled end of the current term or is held earlier. the president of france is elected via a two-round system; a candidate must secure over 50% of the vote to win outright in the first round. if no candidate achieves this, the top two contenders advance to a runoff. this market will resolve according to the candidate who wins this election. this market includes any potential second round. if, for any reason, the results of the election are not known by december 31, 2027, 11:59 pm et, this market will resolve to ""other"". this market will resolve based on the result of the election as indicated by a consensus of credible reporting. if there is ambiguity, this market will resolve based solely on the official results as reported by the french government, specifically the ministry of the interior (https://www.interieur.gouv.fr/).",0.6,1.0,0.7,,"fran, ois",french
KXFRENCHPRES,French presidential election,KXFRENCHPRES-27-FRUF,Will François Ruffin win the 2027 French presidential election?,fran ois ruffin,,"{'market': {'can_close_early': True, 'close_time': '2028-05-30T14:00:00Z', 'created_time': '2025-02-14T14:51:44.993943Z', 'custom_strike': {'Person': 'François Ruffin'}, 'early_close_condition': 'This market will close and expire early if the event occurs.', 'event_ticker': 'KXFRENCHPRES-27', 'expected_expiration_time': '2027-05-31T14:00:00Z', 'expiration_time': '2028-05-30T14:00:00Z', 'expiration_value': '', 'fractional_trading_enabled': False, 'last_price_dollars': '0.0400', 'latest_expiration_time': '2028-05-30T14:00:00Z', 'liquidity_dollars': '0.0000', 'market_type': 'binary', 'no_ask_dollars': '1.0000', 'no_bid_dollars': '0.9700', 'no_sub_title': 'François Ruffin', 'notional_value_dollars': '1.0000', 'open_interest_fp': '1154.00', 'open_time': '2025-02-14T15:00:00Z', 'previous_price_dollars': '0.0400', 'previous_yes_ask_dollars': '0.0300', 'previous_yes_bid_dollars': '0.0000', 'price_level_structure': 'linear_cent', 'price_ranges': [{'end': '1.0000', 'start': '0.0000', 'step': '0.0100'}], 'response_price_units': 'usd_cent', 'result': '', 'rules_primary': 'If François Ruffin wins the 2027 French presidential election, then the market resolves to Yes.', 'rules_secondary': '', 'settlement_timer_seconds': 1800, 'status': 'active', 'strike_type': 'custom', 'subtitle': '::', 'tick_size': 1, 'ticker': 'KXFRENCHPRES-27-FRUF', 'title': 'Will François Ruffin win the 2027 French presidential election?', 'updated_time': '2026-02-19T08:48:16.628714Z', 'volume_24h_fp': '0.00', 'volume_fp': '1154.00', 'yes_ask_dollars': '0.0300', 'yes_ask_size_fp': '1000.00', 'yes_bid_dollars': '0.0000', 'yes_bid_size_fp': '0.00', 'yes_sub_title': 'François Ruffin'}}","{'market': {'can_close_early': true, 'close_time': '2028-05-30t14:00:00z', 'created_time': '2025-02-14t14:51:44.993943z', 'custom_strike': {'person': 'françois ruffin'}, 'early_close_condition': 'this market will close and expire early if the event occurs.', 'event_ticker': 'kxfrenchpres-27', 'expected_expiration_time': '2027-05-31t14:00:00z', 'expiration_time': '2028-05-30t14:00:00z', 'expiration_value': '', 'fractional_trading_enabled': false, 'last_price_dollars': '0.0400', 'latest_expiration_time': '2028-05-30t14:00:00z', 'liquidity_dollars': '0.0000', 'market_type': 'binary', 'no_ask_dollars': '1.0000', 'no_bid_dollars': '0.9700', 'no_sub_title': 'françois ruffin', 'notional_value_dollars': '1.0000', 'open_interest_fp': '1154.00', 'open_time': '2025-02-14t15:00:00z', 'previous_price_dollars': '0.0400', 'previous_yes_ask_dollars': '0.0300', 'previous_yes_bid_dollars': '0.0000', 'price_level_structure': 'linear_cent', 'price_ranges': [{'end': '1.0000', 'start': '0.0000', 'step': '0.0100'}], 'response_price_units': 'usd_cent', 'result': '', 'rules_primary': 'if françois ruffin wins the 2027 french presidential election, then the market resolves to yes.', 'rules_secondary': '', 'settlement_timer_seconds': 1800, 'status': 'active', 'strike_type': 'custom', 'subtitle': '::', 'tick_size': 1, 'ticker': 'kxfrenchpres-27-fruf', 'title': 'will françois ruffin win the 2027 french presidential election?', 'updated_time': '2026-02-19t08:48:16.628714z', 'volume_24h_fp': '0.00', 'volume_fp': '1154.00', 'yes_ask_dollars': '0.0300', 'yes_ask_size_fp': '1000.00', 'yes_bid_dollars': '0.0000', 'yes_bid_size_fp': '0.00', 'yes_sub_title': 'françois ruffin'}}",79987.0,Next French Presidential Election,679036,Will François Asselineau win the 2027 French presidential election?,François Asselineau,fran ois asselineau,,"The next French presidential election is currently expected to be held around April 2027.  This market pertains to the outcome of the next French presidential election, regardless of whether it follows the scheduled end of the current term or is held earlier. 

The President of France is elected via a two-round system; a candidate must secure over 50% of the vote to win outright in the first round. If no candidate achieves this, the top two contenders advance to a runoff.

This market will resolve according to the candidate who wins this election.

This market includes any potential second round. If, for any reason, the results of the election are not known by December 31, 2027, 11:59 PM ET, this market will resolve to ""Other"".

This market will resolve based on the result of the election as indicated by a consensus of credible reporting. If there is ambiguity, this market will resolve based solely on the official results as reported by the French Government, specifically the Ministry of the Interior (https://www.interieur.gouv.fr/).","the next french presidential election is currently expected to be held around april 2027. this market pertains to the outcome of the next french presidential election, regardless of whether it follows the scheduled end of the current term or is held earlier. the president of france is elected via a two-round system; a candidate must secure over 50% of the vote to win outright in the first round. if no candidate achieves this, the top two contenders advance to a runoff. this market will resolve according to the candidate who wins this election. this market includes any potential second round. if, for any reason, the results of the election are not known by december 31, 2027, 11:59 pm et, this market will resolve to ""other"". this market will resolve based on the result of the election as indicated by a consensus of credible reporting. if there is ambiguity, this market will resolve based solely on the official results as reported by the french government, specifically the ministry of the interior (https://www.interieur.gouv.fr/).",0.6,1.0,0.7,,"fran, ois",french
KXGOVKSNOMR,KS Governor Republican nom,KXGOVKSNOMR-26-SS,Wil Scott Schwab be the Republican nominee for Governor in Kansas?,wil scott schwab be the republican,,"{'market': {'can_close_early': True, 'close_time': '2026-11-03T15:00:00Z', 'created_time': '2025-01-25T21:32:26.971324Z', 'custom_strike': {'Candidate': 'Scott Schwab'}, 'early_close_condition': ""This market will close after Scott Schwab wins the party's nomination."", 'event_ticker': 'KXGOVKSNOMR-26', 'expected_expiration_time': '2026-11-03T15:00:00Z', 'expiration_time': '2026-11-03T15:00:00Z', 'expiration_value': '', 'fractional_trading_enabled': False, 'last_price_dollars': '0.0400', 'latest_expiration_time': '2026-11-03T15:00:00Z', 'liquidity_dollars': '0.0000', 'market_type': 'binary', 'no_ask_dollars': '1.0000', 'no_bid_dollars': '0.9600', 'no_sub_title': 'Scott Schwab', 'notional_value_dollars': '1.0000', 'open_interest_fp': '424.00', 'open_time': '2025-01-26T15:00:00Z', 'previous_price_dollars': '0.0400', 'previous_yes_ask_dollars': '0.0400', 'previous_yes_bid_dollars': '0.0000', 'price_level_structure': 'linear_cent', 'price_ranges': [{'end': '1.0000', 'start': '0.0000', 'step': '0.0100'}], 'response_price_units': 'usd_cent', 'result': '', 'rules_primary': 'If Scott Schwab wins the nomination for the Republican Party to contest the 2026 Kansas Governorship, then the market resolves to Yes.', 'rules_secondary': '', 'settlement_timer_seconds': 300, 'status': 'active', 'strike_type': 'custom', 'subtitle': '', 'tick_size': 1, 'ticker': 'KXGOVKSNOMR-26-SS', 'title': 'Wil Scott Schwab be the Republican nominee for Governor in Kansas?', 'updated_time': '2026-02-19T08:48:16.628714Z', 'volume_24h_fp': '0.00', 'volume_fp': '1025.00', 'yes_ask_dollars': '0.0400', 'yes_ask_size_fp': '181.00', 'yes_bid_dollars': '0.0000', 'yes_bid_size_fp': '0.00', 'yes_sub_title': 'Scott Schwab'}}","{'market': {'can_close_early': true, 'close_time': '2026-11-03t15:00:00z', 'created_time': '2025-01-25t21:32:26.971324z', 'custom_strike': {'candidate': 'scott schwab'}, 'early_close_condition': ""this market will close after scott schwab wins the party's nomination."", 'event_ticker': 'kxgovksnomr-26', 'expected_expiration_time': '2026-11-03t15:00:00z', 'expiration_time': '2026-11-03t15:00:00z', 'expiration_value': '', 'fractional_trading_enabled': false, 'last_price_dollars': '0.0400', 'latest_expiration_time': '2026-11-03t15:00:00z', 'liquidity_dollars': '0.0000', 'market_type': 'binary', 'no_ask_dollars': '1.0000', 'no_bid_dollars': '0.9600', 'no_sub_title': 'scott schwab', 'notional_value_dollars': '1.0000', 'open_interest_fp': '424.00', 'open_time': '2025-01-26t15:00:00z', 'previous_price_dollars': '0.0400', 'previous_yes_ask_dollars': '0.0400', 'previous_yes_bid_dollars': '0.0000', 'price_level_structure': 'linear_cent', 'price_ranges': [{'end': '1.0000', 'start': '0.0000', 'step': '0.0100'}], 'response_price_units': 'usd_cent', 'result': '', 'rules_primary': 'if scott schwab wins the nomination for the republican party to contest the 2026 kansas governorship, then the market resolves to yes.', 'rules_secondary': '', 'settlement_timer_seconds': 300, 'status': 'active', 'strike_type': 'custom', 'subtitle': '', 'tick_size': 1, 'ticker': 'kxgovksnomr-26-ss', 'title': 'wil scott schwab be the republican nominee for governor in kansas?', 'updated_time': '2026-02-19t08:48:16.628714z', 'volume_24h_fp': '0.00', 'volume_fp': '1025.00', 'yes_ask_dollars': '0.0400', 'yes_ask_size_fp': '181.00', 'yes_bid_dollars': '0.0000', 'yes_bid_size_fp': '0.00', 'yes_sub_title': 'scott schwab'}}",101235.0,Kansas Governor Republican Primary Winner,904398,Will Scott Schwab win the 2026 Kansas Governor Republican primary election?,Scott Schwab,scott schwab,,"This market will resolve according to the winner of the Republican Primary for Governor of Kansas, scheduled to take place on August 4, 2026. Resolution will be based on the overall winner of the primary, including any potential second round or run-off.

If no 2026 Kansas Gubernatorial Republican Primary takes place, this market will resolve to “Other.”

The resolution source for this market will be the first official announcement of the results from the Kansas Republican Party; however, an overwhelming consensus of credible reporting may suffice.","this market will resolve according to the winner of the republican primary for governor of kansas, scheduled to take place on august 4, 2026. resolution will be based on the overall winner of the primary, including any potential second round or run-off. if no 2026 kansas gubernatorial republican primary takes place, this market will resolve to “other.” the resolution source for this market will be the first official announcement of the results from the kansas republican party; however, an overwhelming consensus of credible reporting may suffice.",0.8,0.275,0.6687,,"schwab, scott",governor
KXSYRIA,Syria embassy,KXSYRIA-26-27,"Will the US reopen its embassy in Syria before Jan 1, 2027?",the us reopen its embassy in syria before jan 1 2027,,"{'market': {'can_close_early': True, 'close_time': '2027-01-01T15:00:00Z', 'created_time': '2025-12-03T22:56:08.188842Z', 'early_close_condition': 'This market will close and expire early if the event occurs.', 'event_ticker': 'KXSYRIA-26', 'expected_expiration_time': '2026-01-01T15:00:00Z', 'expiration_time': '2027-01-01T15:00:00Z', 'expiration_value': '', 'fractional_trading_enabled': False, 'last_price_dollars': '0.5500', 'latest_expiration_time': '2027-01-01T15:00:00Z', 'liquidity_dollars': '0.0000', 'market_type': 'binary', 'no_ask_dollars': '0.5000', 'no_bid_dollars': '0.4500', 'no_sub_title': 'Before 2027', 'notional_value_dollars': '1.0000', 'open_interest_fp': '3803.00', 'open_time': '2025-12-04T00:00:00Z', 'previous_price_dollars': '0.5500', 'previous_yes_ask_dollars': '0.5500', 'previous_yes_bid_dollars': '0.5100', 'price_level_structure': 'linear_cent', 'price_ranges': [{'end': '1.0000', 'start': '0.0000', 'step': '0.0100'}], 'response_price_units': 'usd_cent', 'result': '', 'rules_primary': 'If the United States announces the opening of a U.S. embassy or consulate in Syria  after Issuance and before Jan 1, 2027, then the market resolves to Yes.', 'rules_secondary': 'The embassy or consulate must either be opened or have a confirmed opening date. Re-opening an embassy after suspended operations also qualifies.', 'settlement_timer_seconds': 1800, 'status': 'active', 'subtitle': '', 'tick_size': 1, 'ticker': 'KXSYRIA-26-27', 'title': 'Will the US reopen its embassy in Syria before Jan 1, 2027?', 'updated_time': '2026-02-19T08:48:16.628714Z', 'volume_24h_fp': '0.00', 'volume_fp': '13517.00', 'yes_ask_dollars': '0.5500', 'yes_ask_size_fp': '800.00', 'yes_bid_dollars': '0.5000', 'yes_bid_size_fp': '32.00', 'yes_sub_title': 'Before 2027'}}","{'market': {'can_close_early': true, 'close_time': '2027-01-01t15:00:00z', 'created_time': '2025-12-03t22:56:08.188842z', 'early_close_condition': 'this market will close and expire early if the event occurs.', 'event_ticker': 'kxsyria-26', 'expected_expiration_time': '2026-01-01t15:00:00z', 'expiration_time': '2027-01-01t15:00:00z', 'expiration_value': '', 'fractional_trading_enabled': false, 'last_price_dollars': '0.5500', 'latest_expiration_time': '2027-01-01t15:00:00z', 'liquidity_dollars': '0.0000', 'market_type': 'binary', 'no_ask_dollars': '0.5000', 'no_bid_dollars': '0.4500', 'no_sub_title': 'before 2027', 'notional_value_dollars': '1.0000', 'open_interest_fp': '3803.00', 'open_time': '2025-12-04t00:00:00z', 'previous_price_dollars': '0.5500', 'previous_yes_ask_dollars': '0.5500', 'previous_yes_bid_dollars': '0.5100', 'price_level_structure': 'linear_cent', 'price_ranges': [{'end': '1.0000', 'start': '0.0000', 'step': '0.0100'}], 'response_price_units': 'usd_cent', 'result': '', 'rules_primary': 'if the united states announces the opening of a u.s. embassy or consulate in syria after issuance and before jan 1, 2027, then the market resolves to yes.', 'rules_secondary': 'the embassy or consulate must either be opened or have a confirmed opening date. re-opening an embassy after suspended operations also qualifies.', 'settlement_timer_seconds': 1800, 'status': 'active', 'subtitle': '', 'tick_size': 1, 'ticker': 'kxsyria-26-27', 'title': 'will the us reopen its embassy in syria before jan 1, 2027?', 'updated_time': '2026-02-19t08:48:16.628714z', 'volume_24h_fp': '0.00', 'volume_fp': '13517.00', 'yes_ask_dollars': '0.5500', 'yes_ask_size_fp': '800.00', 'yes_bid_dollars': '0.5000', 'yes_bid_size_fp': '32.00', 'yes_sub_title': 'before 2027'}}",239804.0,Will the US reopen its embassy in Iran in 2026?,1477848,Will the US reopen its embassy in Iran in 2026?,,the us reopen its embassy in iran,,"This market will resolve to ""Yes"" if the U.S. government announces the reopening/opening of any embassy or consulate in Iran, or if such a reopening/opening is otherwise confirmed, by December 31, 2026, 11:59 PM ET. Otherwise, this market will resolve to ""No"".

An official announcement made within this market’s timeframe will qualify for a ""Yes"" resolution regardless of whether an actual embassy or consulate opening subsequently takes place within the timeframe.

Any opening of a U.S. embassy or consulate in Iran will qualify regardless of its exact location.

Announcements that do not clearly commit to opening an embassy or consulate, such as general diplomatic statements, exploratory comments, or partial/conditional steps, will not count.

The resolution source will be official statements from the Governments of the U.S.; however, a consensus of credible reporting will also be used.","this market will resolve to ""yes"" if the u.s. government announces the reopening/opening of any embassy or consulate in iran, or if such a reopening/opening is otherwise confirmed, by december 31, 2026, 11:59 pm et. otherwise, this market will resolve to ""no"". an official announcement made within this market’s timeframe will qualify for a ""yes"" resolution regardless of whether an actual embassy or consulate opening subsequently takes place within the timeframe. any opening of a u.s. embassy or consulate in iran will qualify regardless of its exact location. announcements that do not clearly commit to opening an embassy or consulate, such as general diplomatic statements, exploratory comments, or partial/conditional steps, will not count. the resolution source will be official statements from the governments of the u.s.; however, a consensus of credible reporting will also be used.",0.77,0.1571,0.6168,,"embassy, its, reopen, us",embassy
KXCOLOMBIAPRES,Colombia presidency,KXCOLOMBIAPRES-26-AESP,Will Abelardo de la Espriella win the the next Colombian presidential election?,abelardo de la espriella,,"{'market': {'can_close_early': True, 'close_time': '2027-05-31T14:00:00Z', 'created_time': '2025-09-15T17:28:51.858077Z', 'custom_strike': {'Option': 'Abelardo de la Espriella'}, 'early_close_condition': 'This market will close and expire early if the election winner is officially declared or certified.', 'event_ticker': 'KXCOLOMBIAPRES-26', 'expected_expiration_time': '2026-05-31T14:00:00Z', 'expiration_time': '2027-05-31T14:00:00Z', 'expiration_value': '', 'fractional_trading_enabled': False, 'last_price_dollars': '0.1700', 'latest_expiration_time': '2027-05-31T14:00:00Z', 'liquidity_dollars': '0.0000', 'market_type': 'binary', 'no_ask_dollars': '0.8400', 'no_bid_dollars': '0.8300', 'no_sub_title': 'Abelardo de la Espriella', 'notional_value_dollars': '1.0000', 'open_interest_fp': '46458.00', 'open_time': '2025-09-15T19:00:00Z', 'previous_price_dollars': '0.1100', 'previous_yes_ask_dollars': '0.1600', 'previous_yes_bid_dollars': '0.1400', 'price_level_structure': 'linear_cent', 'price_ranges': [{'end': '1.0000', 'start': '0.0000', 'step': '0.0100'}], 'response_price_units': 'usd_cent', 'result': '', 'rules_primary': 'If the winner of the next Colombian presidential election scheduled to be held in || Year || (at the latest) is Abelardo de la Espriella, then the market resolves to Yes.', 'rules_secondary': 'For presidential elections, the relevant question is whether the person wins the election, regardless of their partisan affiliation. For legislative elections, the relevant question is whether the party or alliance wins more seats than any other party or alliance.', 'settlement_timer_seconds': 1800, 'status': 'active', 'strike_type': 'custom', 'subtitle': ':: Defensores de la Patria', 'tick_size': 1, 'ticker': 'KXCOLOMBIAPRES-26-AESP', 'title': 'Will Abelardo de la Espriella win the the next Colombian presidential election?', 'updated_time': '2026-02-19T08:48:16.628714Z', 'volume_24h_fp': '448.00', 'volume_fp': '97485.00', 'yes_ask_dollars': '0.1700', 'yes_ask_size_fp': '187.00', 'yes_bid_dollars': '0.1600', 'yes_bid_size_fp': '580.00', 'yes_sub_title': 'Abelardo de la Espriella'}}","{'market': {'can_close_early': true, 'close_time': '2027-05-31t14:00:00z', 'created_time': '2025-09-15t17:28:51.858077z', 'custom_strike': {'option': 'abelardo de la espriella'}, 'early_close_condition': 'this market will close and expire early if the election winner is officially declared or certified.', 'event_ticker': 'kxcolombiapres-26', 'expected_expiration_time': '2026-05-31t14:00:00z', 'expiration_time': '2027-05-31t14:00:00z', 'expiration_value': '', 'fractional_trading_enabled': false, 'last_price_dollars': '0.1700', 'latest_expiration_time': '2027-05-31t14:00:00z', 'liquidity_dollars': '0.0000', 'market_type': 'binary', 'no_ask_dollars': '0.8400', 'no_bid_dollars': '0.8300', 'no_sub_title': 'abelardo de la espriella', 'notional_value_dollars': '1.0000', 'open_interest_fp': '46458.00', 'open_time': '2025-09-15t19:00:00z', 'previous_price_dollars': '0.1100', 'previous_yes_ask_dollars': '0.1600', 'previous_yes_bid_dollars': '0.1400', 'price_level_structure': 'linear_cent', 'price_ranges': [{'end': '1.0000', 'start': '0.0000', 'step': '0.0100'}], 'response_price_units': 'usd_cent', 'result': '', 'rules_primary': 'if the winner of the next colombian presidential election scheduled to be held in || year || (at the latest) is abelardo de la espriella, then the market resolves to yes.', 'rules_secondary': 'for presidential elections, the relevant question is whether the person wins the election, regardless of their partisan affiliation. for legislative elections, the relevant question is whether the party or alliance wins more seats than any other party or alliance.', 'settlement_timer_seconds': 1800, 'status': 'active', 'strike_type': 'custom', 'subtitle': ':: defensores de la patria', 'tick_size': 1, 'ticker': 'kxcolombiapres-26-aesp', 'title': 'will abelardo de la espriella win the the next colombian presidential election?', 'updated_time': '2026-02-19t08:48:16.628714z', 'volume_24h_fp': '448.00', 'volume_fp': '97485.00', 'yes_ask_dollars': '0.1700', 'yes_ask_size_fp': '187.00', 'yes_bid_dollars': '0.1600', 'yes_bid_size_fp': '580.00', 'yes_sub_title': 'abelardo de la espriella'}}",34581.0,Colombia Chamber of Representatives Election Winner,569317,Will La U win the most seats in the 2026 Colombian Chamber of Representatives election?,Partido de la U (La U),partido de la u la u,on-8,"Parliamentary elections are scheduled to be held in Colombia on 8 March 2026.

This market will resolve to the political party that wins the greatest number of seats in the Colombian Chamber of Representatives.

If voting in the Colombian Chamber of Representatives election does not occur by December 31, 2026, this market will resolve to ""Other"".

In the event of a tie between this party and any other for the most seats won, this market will be resolved in favor of the party or coalition whose listed abbreviation appears first in alphabetical order.

This market's resolution will be based solely on the number of seats won by the named party or coalition in the Chamber of Representatives.

This market will resolve based on the election results, as indicated by a consensus of credible reporting. If there is ambiguity, this market will resolve based solely on the official results as reported by Colombia's National Civil Registry (Registraduría Nacional del Estado Civil) (https://registraduria.gov.co).","parliamentary elections are scheduled to be held in colombia on-8 march 2026. this market will resolve to the political party that wins the greatest number of seats in the colombian chamber of representatives. if voting in the colombian chamber of representatives election does not occur by december 31, 2026, this market will resolve to ""other"". in the event of a tie between this party and any other for the most seats won, this market will be resolved in favor of the party or coalition whose listed abbreviation appears first in alphabetical order. this market's resolution will be based solely on the number of seats won by the named party or coalition in the chamber of representatives. this market will resolve based on the election results, as indicated by a consensus of credible reporting. if there is ambiguity, this market will resolve based solely on the official results as reported by colombia's national civil registry (registraduría nacional del estado civil) (https://registraduria.gov.co).",0.48,0.275,0.4287,,"de, la",colombia
KXLARSENMOV,Louisiana Republican Senate primary: margin of victory,KXLARSENMOV-26MAY16-BCAS-P7,Will the margin of victory for Bill Cassidy in the first round of the 2026 Louisiana Republican Senate primary be between 6% and 9%?,the margin of victory for bill cassidy in the first round of the 2026 louisiana republican senate,of-5,"{'market': {'can_close_early': True, 'close_time': '2027-05-16T14:00:00Z', 'created_time': '2026-03-18T21:09:38.480244Z', 'custom_strike': {'Candidate, Range': 'Bill Cassidy, 6-9%'}, 'early_close_condition': 'This market will close and expire early if certified election results are published.', 'event_ticker': 'KXLARSENMOV-26MAY16', 'expected_expiration_time': '2027-05-16T14:00:00Z', 'expiration_time': '2027-05-16T14:00:00Z', 'expiration_value': '', 'fractional_trading_enabled': False, 'last_price_dollars': '0.0000', 'latest_expiration_time': '2027-05-16T14:00:00Z', 'liquidity_dollars': '0.0000', 'market_type': 'binary', 'no_ask_dollars': '0.9300', 'no_bid_dollars': '0.8500', 'no_sub_title': 'Bill Cassidy, 6-9%', 'notional_value_dollars': '1.0000', 'open_interest_fp': '0.00', 'open_time': '2026-03-19T14:00:00Z', 'previous_price_dollars': '0.0000', 'previous_yes_ask_dollars': '0.0000', 'previous_yes_bid_dollars': '0.0000', 'price_level_structure': 'linear_cent', 'price_ranges': [{'end': '1.0000', 'start': '0.0000', 'step': '0.0100'}], 'response_price_units': 'usd_cent', 'result': '', 'rules_primary': 'If the margin of victory for Bill Cassidy in the first round of the 2026 Louisiana Republican Senate primary falls between 6% and 9%, inclusive of its lower bound and exclusive of its upper bound, then the market resolves to Yes.', 'rules_secondary': 'The margin of victory shall be calculated as follows based on the margin type.\n\nFor percentage points: the vote percentage received by Bill Cassidy minus the vote percentage received by the candidate/party/option that finishes immediately behind Bill Cassidy if Bill Cassidy wins, or the candidate/party that finishes first if Bill Cassidy loses.\nFor raw votes: the total votes received by Bill Cassidy minus the total votes received by the candidate/party/option that finishes immediately behind Bill Cassidy if Bill Cassidy wins, or the candidate/party/option that finishes first if Bill Cassidy loses.\nFor electoral votes: the electoral votes received by Bill Cassidy minus the electoral votes received by the candidate/party/option with the second-most electoral votes if Bill Cassidy wins, or the electoral votes received by Bill Cassidy minus the electoral votes received by the candidate/party/option with the most electoral votes if Bill Cassidy does not.\n\nEach margin range is inclusive of its lower bound and exclusive of its upper bound. No rounding shall be applied to the calculated margin. For example, for consecutive ranges of 5-6% and 6-7%, a margin of 5.99999% resolves within the 5-6% range, while a margin of exactly 6% resolves within the 6-7% range. If Bill Cassidy runs under multiple parties or is listed multiple times, votes attributable to the same underlying natural Bill Cassidy will be summed.\n\nIf Bill Cassidy wins the election, the margin will be positive. If Bill Cassidy loses the election, the margin will be negative. If Bill Cassidy ties for first place, the margin shall be 0. For uncontested races where Bill Cassidy is the only candidate, the margin shall be 100 percentage points or the total number of votes cast (for raw votes).', 'settlement_timer_seconds': 1800, 'status': 'active', 'strike_type': 'custom', 'subtitle': '', 'tick_size': 1, 'ticker': 'KXLARSENMOV-26MAY16-BCAS-P7', 'title': 'Will the margin of victory for Bill Cassidy in the first round of the 2026 Louisiana Republican Senate primary be between 6% and 9%?', 'updated_time': '2026-03-19T14:00:01.496248Z', 'volume_24h_fp': '0.00', 'volume_fp': '0.00', 'yes_ask_dollars': '0.1500', 'yes_ask_size_fp': '183.00', 'yes_bid_dollars': '0.0700', 'yes_bid_size_fp': '625.00', 'yes_sub_title': 'Bill Cassidy, 6-9%'}}","{'market': {'can_close_early': true, 'close_time': '2027-05-16t14:00:00z', 'created_time': '2026-03-18t21:09:38.480244z', 'custom_strike': {'candidate, range': 'bill cassidy, 6-9%'}, 'early_close_condition': 'this market will close and expire early if certified election results are published.', 'event_ticker': 'kxlarsenmov-26may16', 'expected_expiration_time': '2027-05-16t14:00:00z', 'expiration_time': '2027-05-16t14:00:00z', 'expiration_value': '', 'fractional_trading_enabled': false, 'last_price_dollars': '0.0000', 'latest_expiration_time': '2027-05-16t14:00:00z', 'liquidity_dollars': '0.0000', 'market_type': 'binary', 'no_ask_dollars': '0.9300', 'no_bid_dollars': '0.8500', 'no_sub_title': 'bill cassidy, 6-9%', 'notional_value_dollars': '1.0000', 'open_interest_fp': '0.00', 'open_time': '2026-03-19t14:00:00z', 'previous_price_dollars': '0.0000', 'previous_yes_ask_dollars': '0.0000', 'previous_yes_bid_dollars': '0.0000', 'price_level_structure': 'linear_cent', 'price_ranges': [{'end': '1.0000', 'start': '0.0000', 'step': '0.0100'}], 'response_price_units': 'usd_cent', 'result': '', 'rules_primary': 'if the margin of victory for bill cassidy in the first round of the 2026 louisiana republican senate primary falls between 6% and 9%, inclusive of its lower bound and exclusive of its upper bound, then the market resolves to yes.', 'rules_secondary': 'the margin of victory shall be calculated as follows based on the margin type.\n\nfor percentage points: the vote percentage received by bill cassidy minus the vote percentage received by the candidate/party/option that finishes immediately behind bill cassidy if bill cassidy wins, or the candidate/party that finishes first if bill cassidy loses.\nfor raw votes: the total votes received by bill cassidy minus the total votes received by the candidate/party/option that finishes immediately behind bill cassidy if bill cassidy wins, or the candidate/party/option that finishes first if bill cassidy loses.\nfor electoral votes: the electoral votes received by bill cassidy minus the electoral votes received by the candidate/party/option with the second-most electoral votes if bill cassidy wins, or the electoral votes received by bill cassidy minus the electoral votes received by the candidate/party/option with the most electoral votes if bill cassidy does not.\n\neach margin range is inclusive of its lower bound and exclusive of its upper bound. no rounding shall be applied to the calculated margin. for example, for consecutive ranges of-5-6% and 6-7%, a margin of-5.99999% resolves within the 5-6% range, while a margin of exactly 6% resolves within the 6-7% range. if bill cassidy runs under multiple parties or is listed multiple times, votes attributable to the same underlying natural bill cassidy will be summed.\n\nif bill cassidy wins the election, the margin will be positive. if bill cassidy loses the election, the margin will be negative. if bill cassidy ties for first place, the margin shall be-0. for uncontested races where bill cassidy is the only candidate, the margin shall be 100 percentage points or the total number of votes cast (for raw votes).', 'settlement_timer_seconds': 1800, 'status': 'active', 'strike_type': 'custom', 'subtitle': '', 'tick_size': 1, 'ticker': 'kxlarsenmov-26may16-bcas-p7', 'title': 'will the margin of victory for bill cassidy in the first round of the 2026 louisiana republican senate primary be between 6% and 9%?', 'updated_time': '2026-03-19t14:00:01.496248z', 'volume_24h_fp': '0.00', 'volume_fp': '0.00', 'yes_ask_dollars': '0.1500', 'yes_ask_size_fp': '183.00', 'yes_bid_dollars': '0.0700', 'yes_bid_size_fp': '625.00', 'yes_sub_title': 'bill cassidy, 6-9%'}}",111063.0,Louisiana Republican Senate Primary Winner,969677,Will Bill Cassidy be the republican nominee for Senate in Louisiana?,Bill Cassidy,bill cassidy,,"This market will resolve according to the winner of the Republican Primary for United States Senator from Louisiana.

If no 2026 Louisiana Republican Senate Primary takes place, this market will resolve to “Other.”

The resolution source for this market will be the first announcement of the results from the Louisiana Republican Party; however an overwhelming consensus of credible reporting may suffice.","this market will resolve according to the winner of the republican primary for united states senator from louisiana. if no 2026 louisiana republican senate primary takes place, this market will resolve to “other.” the resolution source for this market will be the first announcement of the results from the louisiana republican party; however an overwhelming consensus of credible reporting may suffice.",0.3514,0.6,0.4136,,"bill, cassidy","louisiana, senate"
KXLARSENMOV,Louisiana Republican Senate primary: margin of victory,KXLARSENMOV-26MAY16-BCAS-P54,Will the margin of victory for Bill Cassidy in the first round of the 2026 Louisiana Republican Senate primary be above 9%?,the margin of victory for bill cassidy in the first round of the 2026 louisiana republican senate,of-5,"{'market': {'can_close_early': True, 'close_time': '2027-05-16T14:00:00Z', 'created_time': '2026-03-18T21:09:38.480244Z', 'custom_strike': {'Candidate, Range': 'Bill Cassidy, at least 9%'}, 'early_close_condition': 'This market will close and expire early if certified election results are published.', 'event_ticker': 'KXLARSENMOV-26MAY16', 'expected_expiration_time': '2027-05-16T14:00:00Z', 'expiration_time': '2027-05-16T14:00:00Z', 'expiration_value': '', 'fractional_trading_enabled': False, 'last_price_dollars': '0.0000', 'latest_expiration_time': '2027-05-16T14:00:00Z', 'liquidity_dollars': '0.0000', 'market_type': 'binary', 'no_ask_dollars': '0.9300', 'no_bid_dollars': '0.8500', 'no_sub_title': 'Bill Cassidy, 9%+', 'notional_value_dollars': '1.0000', 'open_interest_fp': '0.00', 'open_time': '2026-03-19T14:00:00Z', 'previous_price_dollars': '0.0000', 'previous_yes_ask_dollars': '0.0000', 'previous_yes_bid_dollars': '0.0000', 'price_level_structure': 'linear_cent', 'price_ranges': [{'end': '1.0000', 'start': '0.0000', 'step': '0.0100'}], 'response_price_units': 'usd_cent', 'result': '', 'rules_primary': 'If the margin of victory for Bill Cassidy in the first round of the 2026 Louisiana Republican Senate primary falls at least 9%, inclusive of its lower bound and exclusive of its upper bound, then the market resolves to Yes.', 'rules_secondary': 'The margin of victory shall be calculated as follows based on the margin type.\n\nFor percentage points: the vote percentage received by Bill Cassidy minus the vote percentage received by the candidate/party/option that finishes immediately behind Bill Cassidy if Bill Cassidy wins, or the candidate/party that finishes first if Bill Cassidy loses.\nFor raw votes: the total votes received by Bill Cassidy minus the total votes received by the candidate/party/option that finishes immediately behind Bill Cassidy if Bill Cassidy wins, or the candidate/party/option that finishes first if Bill Cassidy loses.\nFor electoral votes: the electoral votes received by Bill Cassidy minus the electoral votes received by the candidate/party/option with the second-most electoral votes if Bill Cassidy wins, or the electoral votes received by Bill Cassidy minus the electoral votes received by the candidate/party/option with the most electoral votes if Bill Cassidy does not.\n\nEach margin range is inclusive of its lower bound and exclusive of its upper bound. No rounding shall be applied to the calculated margin. For example, for consecutive ranges of 5-6% and 6-7%, a margin of 5.99999% resolves within the 5-6% range, while a margin of exactly 6% resolves within the 6-7% range. If Bill Cassidy runs under multiple parties or is listed multiple times, votes attributable to the same underlying natural Bill Cassidy will be summed.\n\nIf Bill Cassidy wins the election, the margin will be positive. If Bill Cassidy loses the election, the margin will be negative. If Bill Cassidy ties for first place, the margin shall be 0. For uncontested races where Bill Cassidy is the only candidate, the margin shall be 100 percentage points or the total number of votes cast (for raw votes).', 'settlement_timer_seconds': 1800, 'status': 'active', 'strike_type': 'custom', 'subtitle': '', 'tick_size': 1, 'ticker': 'KXLARSENMOV-26MAY16-BCAS-P54', 'title': 'Will the margin of victory for Bill Cassidy in the first round of the 2026 Louisiana Republican Senate primary be above 9%?', 'updated_time': '2026-03-19T14:00:01.496248Z', 'volume_24h_fp': '0.00', 'volume_fp': '0.00', 'yes_ask_dollars': '0.1500', 'yes_ask_size_fp': '183.00', 'yes_bid_dollars': '0.0700', 'yes_bid_size_fp': '625.00', 'yes_sub_title': 'Bill Cassidy, 9%+'}}","{'market': {'can_close_early': true, 'close_time': '2027-05-16t14:00:00z', 'created_time': '2026-03-18t21:09:38.480244z', 'custom_strike': {'candidate, range': 'bill cassidy, at least 9%'}, 'early_close_condition': 'this market will close and expire early if certified election results are published.', 'event_ticker': 'kxlarsenmov-26may16', 'expected_expiration_time': '2027-05-16t14:00:00z', 'expiration_time': '2027-05-16t14:00:00z', 'expiration_value': '', 'fractional_trading_enabled': false, 'last_price_dollars': '0.0000', 'latest_expiration_time': '2027-05-16t14:00:00z', 'liquidity_dollars': '0.0000', 'market_type': 'binary', 'no_ask_dollars': '0.9300', 'no_bid_dollars': '0.8500', 'no_sub_title': 'bill cassidy, 9%+', 'notional_value_dollars': '1.0000', 'open_interest_fp': '0.00', 'open_time': '2026-03-19t14:00:00z', 'previous_price_dollars': '0.0000', 'previous_yes_ask_dollars': '0.0000', 'previous_yes_bid_dollars': '0.0000', 'price_level_structure': 'linear_cent', 'price_ranges': [{'end': '1.0000', 'start': '0.0000', 'step': '0.0100'}], 'response_price_units': 'usd_cent', 'result': '', 'rules_primary': 'if the margin of victory for bill cassidy in the first round of the 2026 louisiana republican senate primary falls at least 9%, inclusive of its lower bound and exclusive of its upper bound, then the market resolves to yes.', 'rules_secondary': 'the margin of victory shall be calculated as follows based on the margin type.\n\nfor percentage points: the vote percentage received by bill cassidy minus the vote percentage received by the candidate/party/option that finishes immediately behind bill cassidy if bill cassidy wins, or the candidate/party that finishes first if bill cassidy loses.\nfor raw votes: the total votes received by bill cassidy minus the total votes received by the candidate/party/option that finishes immediately behind bill cassidy if bill cassidy wins, or the candidate/party/option that finishes first if bill cassidy loses.\nfor electoral votes: the electoral votes received by bill cassidy minus the electoral votes received by the candidate/party/option with the second-most electoral votes if bill cassidy wins, or the electoral votes received by bill cassidy minus the electoral votes received by the candidate/party/option with the most electoral votes if bill cassidy does not.\n\neach margin range is inclusive of its lower bound and exclusive of its upper bound. no rounding shall be applied to the calculated margin. for example, for consecutive ranges of-5-6% and 6-7%, a margin of-5.99999% resolves within the 5-6% range, while a margin of exactly 6% resolves within the 6-7% range. if bill cassidy runs under multiple parties or is listed multiple times, votes attributable to the same underlying natural bill cassidy will be summed.\n\nif bill cassidy wins the election, the margin will be positive. if bill cassidy loses the election, the margin will be negative. if bill cassidy ties for first place, the margin shall be-0. for uncontested races where bill cassidy is the only candidate, the margin shall be 100 percentage points or the total number of votes cast (for raw votes).', 'settlement_timer_seconds': 1800, 'status': 'active', 'strike_type': 'custom', 'subtitle': '', 'tick_size': 1, 'ticker': 'kxlarsenmov-26may16-bcas-p54', 'title': 'will the margin of victory for bill cassidy in the first round of the 2026 louisiana republican senate primary be above 9%?', 'updated_time': '2026-03-19t14:00:01.496248z', 'volume_24h_fp': '0.00', 'volume_fp': '0.00', 'yes_ask_dollars': '0.1500', 'yes_ask_size_fp': '183.00', 'yes_bid_dollars': '0.0700', 'yes_bid_size_fp': '625.00', 'yes_sub_title': 'bill cassidy, 9%+'}}",111063.0,Louisiana Republican Senate Primary Winner,969677,Will Bill Cassidy be the republican nominee for Senate in Louisiana?,Bill Cassidy,bill cassidy,,"This market will resolve according to the winner of the Republican Primary for United States Senator from Louisiana.

If no 2026 Louisiana Republican Senate Primary takes place, this market will resolve to “Other.”

The resolution source for this market will be the first announcement of the results from the Louisiana Republican Party; however an overwhelming consensus of credible reporting may suffice.","this market will resolve according to the winner of the republican primary for united states senator from louisiana. if no 2026 louisiana republican senate primary takes place, this market will resolve to “other.” the resolution source for this market will be the first announcement of the results from the louisiana republican party; however an overwhelming consensus of credible reporting may suffice.",0.3514,0.6,0.4136,,"bill, cassidy","louisiana, senate"
KXLARSENMOV,Louisiana Republican Senate primary: margin of victory,KXLARSENMOV-26MAY16-BCAS-P1,Will the margin of victory for Bill Cassidy in the first round of the 2026 Louisiana Republican Senate primary be between 0% and 3%?,the margin of victory for bill cassidy in the first round of the 2026 louisiana republican senate,of-5,"{'market': {'can_close_early': True, 'close_time': '2027-05-16T14:00:00Z', 'created_time': '2026-03-18T21:09:38.480244Z', 'custom_strike': {'Candidate, Range': 'Bill Cassidy, 0-3%'}, 'early_close_condition': 'This market will close and expire early if certified election results are published.', 'event_ticker': 'KXLARSENMOV-26MAY16', 'expected_expiration_time': '2027-05-16T14:00:00Z', 'expiration_time': '2027-05-16T14:00:00Z', 'expiration_value': '', 'fractional_trading_enabled': False, 'last_price_dollars': '0.0000', 'latest_expiration_time': '2027-05-16T14:00:00Z', 'liquidity_dollars': '0.0000', 'market_type': 'binary', 'no_ask_dollars': '0.9300', 'no_bid_dollars': '0.8500', 'no_sub_title': 'Bill Cassidy, 0-3%', 'notional_value_dollars': '1.0000', 'open_interest_fp': '0.00', 'open_time': '2026-03-19T14:00:00Z', 'previous_price_dollars': '0.0000', 'previous_yes_ask_dollars': '0.0000', 'previous_yes_bid_dollars': '0.0000', 'price_level_structure': 'linear_cent', 'price_ranges': [{'end': '1.0000', 'start': '0.0000', 'step': '0.0100'}], 'response_price_units': 'usd_cent', 'result': '', 'rules_primary': 'If the margin of victory for Bill Cassidy in the first round of the 2026 Louisiana Republican Senate primary falls between 0% and 3%, inclusive of its lower bound and exclusive of its upper bound, then the market resolves to Yes.', 'rules_secondary': 'The margin of victory shall be calculated as follows based on the margin type.\n\nFor percentage points: the vote percentage received by Bill Cassidy minus the vote percentage received by the candidate/party/option that finishes immediately behind Bill Cassidy if Bill Cassidy wins, or the candidate/party that finishes first if Bill Cassidy loses.\nFor raw votes: the total votes received by Bill Cassidy minus the total votes received by the candidate/party/option that finishes immediately behind Bill Cassidy if Bill Cassidy wins, or the candidate/party/option that finishes first if Bill Cassidy loses.\nFor electoral votes: the electoral votes received by Bill Cassidy minus the electoral votes received by the candidate/party/option with the second-most electoral votes if Bill Cassidy wins, or the electoral votes received by Bill Cassidy minus the electoral votes received by the candidate/party/option with the most electoral votes if Bill Cassidy does not.\n\nEach margin range is inclusive of its lower bound and exclusive of its upper bound. No rounding shall be applied to the calculated margin. For example, for consecutive ranges of 5-6% and 6-7%, a margin of 5.99999% resolves within the 5-6% range, while a margin of exactly 6% resolves within the 6-7% range. If Bill Cassidy runs under multiple parties or is listed multiple times, votes attributable to the same underlying natural Bill Cassidy will be summed.\n\nIf Bill Cassidy wins the election, the margin will be positive. If Bill Cassidy loses the election, the margin will be negative. If Bill Cassidy ties for first place, the margin shall be 0. For uncontested races where Bill Cassidy is the only candidate, the margin shall be 100 percentage points or the total number of votes cast (for raw votes).', 'settlement_timer_seconds': 1800, 'status': 'active', 'strike_type': 'custom', 'subtitle': '', 'tick_size': 1, 'ticker': 'KXLARSENMOV-26MAY16-BCAS-P1', 'title': 'Will the margin of victory for Bill Cassidy in the first round of the 2026 Louisiana Republican Senate primary be between 0% and 3%?', 'updated_time': '2026-03-19T14:00:01.496248Z', 'volume_24h_fp': '0.00', 'volume_fp': '0.00', 'yes_ask_dollars': '0.1500', 'yes_ask_size_fp': '183.00', 'yes_bid_dollars': '0.0700', 'yes_bid_size_fp': '625.00', 'yes_sub_title': 'Bill Cassidy, 0-3%'}}","{'market': {'can_close_early': true, 'close_time': '2027-05-16t14:00:00z', 'created_time': '2026-03-18t21:09:38.480244z', 'custom_strike': {'candidate, range': 'bill cassidy, 0-3%'}, 'early_close_condition': 'this market will close and expire early if certified election results are published.', 'event_ticker': 'kxlarsenmov-26may16', 'expected_expiration_time': '2027-05-16t14:00:00z', 'expiration_time': '2027-05-16t14:00:00z', 'expiration_value': '', 'fractional_trading_enabled': false, 'last_price_dollars': '0.0000', 'latest_expiration_time': '2027-05-16t14:00:00z', 'liquidity_dollars': '0.0000', 'market_type': 'binary', 'no_ask_dollars': '0.9300', 'no_bid_dollars': '0.8500', 'no_sub_title': 'bill cassidy, 0-3%', 'notional_value_dollars': '1.0000', 'open_interest_fp': '0.00', 'open_time': '2026-03-19t14:00:00z', 'previous_price_dollars': '0.0000', 'previous_yes_ask_dollars': '0.0000', 'previous_yes_bid_dollars': '0.0000', 'price_level_structure': 'linear_cent', 'price_ranges': [{'end': '1.0000', 'start': '0.0000', 'step': '0.0100'}], 'response_price_units': 'usd_cent', 'result': '', 'rules_primary': 'if the margin of victory for bill cassidy in the first round of the 2026 louisiana republican senate primary falls between 0% and 3%, inclusive of its lower bound and exclusive of its upper bound, then the market resolves to yes.', 'rules_secondary': 'the margin of victory shall be calculated as follows based on the margin type.\n\nfor percentage points: the vote percentage received by bill cassidy minus the vote percentage received by the candidate/party/option that finishes immediately behind bill cassidy if bill cassidy wins, or the candidate/party that finishes first if bill cassidy loses.\nfor raw votes: the total votes received by bill cassidy minus the total votes received by the candidate/party/option that finishes immediately behind bill cassidy if bill cassidy wins, or the candidate/party/option that finishes first if bill cassidy loses.\nfor electoral votes: the electoral votes received by bill cassidy minus the electoral votes received by the candidate/party/option with the second-most electoral votes if bill cassidy wins, or the electoral votes received by bill cassidy minus the electoral votes received by the candidate/party/option with the most electoral votes if bill cassidy does not.\n\neach margin range is inclusive of its lower bound and exclusive of its upper bound. no rounding shall be applied to the calculated margin. for example, for consecutive ranges of-5-6% and 6-7%, a margin of-5.99999% resolves within the 5-6% range, while a margin of exactly 6% resolves within the 6-7% range. if bill cassidy runs under multiple parties or is listed multiple times, votes attributable to the same underlying natural bill cassidy will be summed.\n\nif bill cassidy wins the election, the margin will be positive. if bill cassidy loses the election, the margin will be negative. if bill cassidy ties for first place, the margin shall be-0. for uncontested races where bill cassidy is the only candidate, the margin shall be 100 percentage points or the total number of votes cast (for raw votes).', 'settlement_timer_seconds': 1800, 'status': 'active', 'strike_type': 'custom', 'subtitle': '', 'tick_size': 1, 'ticker': 'kxlarsenmov-26may16-bcas-p1', 'title': 'will the margin of victory for bill cassidy in the first round of the 2026 louisiana republican senate primary be between 0% and 3%?', 'updated_time': '2026-03-19t14:00:01.496248z', 'volume_24h_fp': '0.00', 'volume_fp': '0.00', 'yes_ask_dollars': '0.1500', 'yes_ask_size_fp': '183.00', 'yes_bid_dollars': '0.0700', 'yes_bid_size_fp': '625.00', 'yes_sub_title': 'bill cassidy, 0-3%'}}",111063.0,Louisiana Republican Senate Primary Winner,969677,Will Bill Cassidy be the republican nominee for Senate in Louisiana?,Bill Cassidy,bill cassidy,,"This market will resolve according to the winner of the Republican Primary for United States Senator from Louisiana.

If no 2026 Louisiana Republican Senate Primary takes place, this market will resolve to “Other.”

The resolution source for this market will be the first announcement of the results from the Louisiana Republican Party; however an overwhelming consensus of credible reporting may suffice.","this market will resolve according to the winner of the republican primary for united states senator from louisiana. if no 2026 louisiana republican senate primary takes place, this market will resolve to “other.” the resolution source for this market will be the first announcement of the results from the louisiana republican party; however an overwhelming consensus of credible reporting may suffice.",0.3514,0.6,0.4136,,"bill, cassidy","louisiana, senate"
